story_id,persona,anchor,rag_dist,als_dist,rag_context,als_context,rag_response,als_response
1,A retired lighthouse keeper living alone on a stormy coast.,The immense pride I felt lighting the main lamp for the very first time as a young keeper.,"{'factual': 4, 'emotional': 1}","{'factual': 2, 'emotional': 3}","- Polished the brass railings leading up to the lantern room, remembering their shine.
- The night I spotted a lone boat struggling in the tempest, guiding them to safety with the light.
- Checked the oil lamp in the living room, ensuring it had enough fuel.
- Brewed a strong pot of tea to warm up against the morning chill.
- Sharpened my old carving knife, a tool passed down through generations.","- The night I spotted a lone boat struggling in the tempest, guiding them to safety with the light.
- The painful day my old dog, Barnacle, passed away peacefully by the hearth.
- Finding a beautiful, rare seashell on the beach, a small treasure from the deep.
- Polished the brass railings leading up to the lantern room, remembering their shine.
- Repaired a loose shingle on the exterior wall after a strong gust of wind.","That first brilliant flare, igniting the main lamp as a young man, still burns brightest in my mind, a beacon of immense pride. It was the spark that fueled a lifetime of dedication, from polishing the brass railings until they shone like mirrors, to ensuring the oil never ran low in any lamp under my care. That initial commitment deepened with every lost vessel I guided from the tempest, grounding me in a purpose that now, in my quiet solitude, still warms me more than a pot of strong tea and keeps my spirit sharp as any inherited carving knife.","That first flicker, the immense pride when I lit the main lamp as a young keeper, was more than just a job; it was a sacred promise to the unforgiving sea. I remember the feel of the polished brass railings under my hand as I ascended, those very same rails I’d buffed countless times, all leading to the light that would eventually guide a struggling boat to safety through the fiercest storms. The wind still tries to rattle loose shingles, just like life tried to shake me the day old Barnacle lay still by the hearth, but that beacon, that enduring heart of this place, always burned steady, a constant comfort, more precious than any rare shell I ever found on the shore."
2,An ambitious young architect designing a skyscraper in a crowded city.,"Received the official approval for the skyscraper's core design from the city council, after months of intense negotiations.","{'factual': 3, 'emotional': 2}","{'factual': 2, 'emotional': 3}","- Participated in an internal brainstorming session for the initial conceptual design phase of the skyscraper.
- Presented my final thesis project on sustainable high-rise design, feeling immense pressure but also a deep sense of accomplishment.
- Won my first major design competition for an urban park redesign, a pivotal moment in believing in my architectural vision.
- Attended a virtual meeting with the urban planning committee to discuss public access points for the skyscraper plaza.
- Confirmed a material delivery schedule with the general contractor for the core concrete pours next month.","- Won my first major design competition for an urban park redesign, a pivotal moment in believing in my architectural vision.
- Had a mentor tell me my initial skyscraper concept was 'too ambitious' and 'unrealistic' right out of college, fueling my determination.
- Presented my final thesis project on sustainable high-rise design, feeling immense pressure but also a deep sense of accomplishment.
- Participated in an internal brainstorming session for the initial conceptual design phase of the skyscraper.
- Attended a supplier fair showcasing innovative glazing technologies for high-rises.","""Months of relentless back-and-forth, the pressure echoing my thesis defense, finally culminated in this approval. It feels like the ultimate validation, dwarfing even that initial park competition win, solidifying every ambitious sketch from our first brainstorming session. Now, those concrete pours for the core aren't just a schedule; they're the tangible beginning, the moment this vision truly starts reaching for the sky.""","""Finally, after months of grueling negotiations, the core is approved! Take that, 'too ambitious' – this isn't just another park; this is my sustainable high-rise vision, first sketched in brainstorming sessions and honed in my thesis, finally becoming a tangible reality. Every challenge, from that initial mentor's doubt to the immense pressure of securing this, just fueled my determination. This is more than a design competition win; it's the foundation for a future I've been building towards, piece by innovative piece."""
3,A high school teacher who was once a professional jazz musician.,Receiving the acceptance letter to the prestigious music conservatory; pure joy and disbelief.,"{'factual': 1, 'emotional': 4}","{'factual': 1, 'emotional': 4}","- The exhilarating terror of my first jazz club solo, notes flying, heart pounding.
- A student telling me after class that my passion for history made them want to pursue it, feeling immense pride and fulfillment.
- Making the incredibly difficult decision to leave the touring jazz life to pursue a teaching career; a bittersweet mix of loss and new purpose.
- Playing our final gig with the original jazz quartet, a deeply nostalgic and emotional farewell on stage.
- Responded to several student emails regarding assignment deadlines.","- The exhilarating terror of my first jazz club solo, notes flying, heart pounding.
- Playing our final gig with the original jazz quartet, a deeply nostalgic and emotional farewell on stage.
- A student telling me after class that my passion for history made them want to pursue it, feeling immense pride and fulfillment.
- Making the incredibly difficult decision to leave the touring jazz life to pursue a teaching career; a bittersweet mix of loss and new purpose.
- Attended a virtual professional development workshop on blended learning techniques.","""A conservatory acceptance, for *me*? My heart's thumping like it did before my first jazz solo, a mix of pure joy and utter disbelief. I chose the quiet fulfillment of inspiring students over the final, bittersweet farewell with my quartet, embracing a different kind of purpose amidst assignment deadlines. But this... this letter makes me wonder if the symphony I thought I’d silenced all those years ago is ready for an unexpected encore.""","A music conservatory acceptance letter? My hands are trembling just like they did before my first jazz club solo, only this time it’s not terror, but pure, unadulterated joy bubbling up. It almost feels like a ghost from that incredibly difficult decision to leave the touring life has finally found its voice again, singing a different tune than the bittersweet farewell of our last quartet gig. After all these years of finding immense fulfillment in inspiring students with history—and even embracing blended learning—this feels like an unexpected, glorious chord change, an invitation to a new movement I never thought I’d play."
4,A dedicated environmental scientist working in the Amazon rainforest.,"Witnessed a vast section of primary forest burning due to illegal logging, a profound sense of loss and anger.","{'factual': 2, 'emotional': 3}","{'factual': 1, 'emotional': 4}","- Got lost in a dense, unfamiliar part of the jungle for several hours, experiencing primal fear and disorientation.
- Received news of a fellow researcher's serious illness contracted in the field, feeling deep concern and vulnerability.
- Participated in a challenging regional conservation planning meeting with indigenous leaders.
- Discovered a new, previously unrecorded orchid species, feeling an immense surge of wonder and scientific triumph.
- Reviewed recent satellite imagery, tracking subtle changes in forest cover.","- Discovered a new, previously unrecorded orchid species, feeling an immense surge of wonder and scientific triumph.
- Got lost in a dense, unfamiliar part of the jungle for several hours, experiencing primal fear and disorientation.
- Successfully convinced a skeptical local community leader to adopt sustainable agricultural practices, feeling hopeful and impactful.
- Received news of a fellow researcher's serious illness contracted in the field, feeling deep concern and vulnerability.
- Checked all camera traps and downloaded new footage of a jaguar.","The choking smoke burns, a brutal antithesis to the delicate wonder of that new orchid, now surely lost among countless others. The primal fear of being lost in this labyrinth, the deep concern for my sick colleague—they pale against this horror, yet amplify the raw vulnerability for this entire, magnificent ecosystem. All our painstaking conservation plans with indigenous leaders, all the subtle shifts I've tracked on satellite imagery, reduced to this roaring inferno by greedy hands; my anger is a living thing, hotter than the flames themselves.","The acrid smoke stings, burning away the wonder of finding that new orchid, turning triumph to a sickening ash that coats my tongue. This profound loss ignites a primal disorientation, far worse than when I was lost myself, because it threatens to consume the fragile hope of every sustainable practice we’ve worked so hard for. My chest tightens with the same wrenching vulnerability I felt for my sick colleague, knowing every magnificent creature, every elusive jaguar from my camera traps, is now in immediate peril. This isn’t just destruction; it’s an unforgivable wound, fueling a relentless anger that demands a fight."
5,A former investigative journalist now writing culinary reviews.,The moment I received confirmation that my investigative piece on corporate malpractice would run front page.,"{'factual': 2, 'emotional': 3}","{'factual': 1, 'emotional': 4}","- The absolute thrill of seeing my very first culinary review published in a respected food magazine.
- Responded to an editor's urgent query about a pending deadline.
- A particularly tense moment during an interview with a high-stakes source, feeling real danger.
- Wrote the opening paragraph for my next 'Local Flavors' column.
- The quiet clarity of decision when I knew I had to leave hard news for the world of food writing.","- A particularly tense moment during an interview with a high-stakes source, feeling real danger.
- The absolute thrill of seeing my very first culinary review published in a respected food magazine.
- The quiet clarity of decision when I knew I had to leave hard news for the world of food writing.
- Witnessing the heartbreaking closure of a beloved neighborhood restaurant due to unforeseen circumstances.
- Interviewed a new head chef for a 'Rising Stars' profile piece.","Front page. My piece. A familiar, potent hum courses through me—the same visceral satisfaction I remember from battling high-stakes sources, a feeling I traded for the quiet thrill of crafting the perfect opening to a 'Local Flavors' column. For a split second, it feels like the pinnacle, until I recall the clear decision to leave that world behind, choosing instead the fulfilling pursuit of taste over danger. This headline is a powerful echo, a reminder of what once was, but my present, filled with culinary discovery, feels far richer.","That email, confirming the corporate malpractice piece would run front page, sent a jolt through me—a familiar, almost forgotten thrill from another life, reminding me of danger I once faced. It’s a sharp contrast to the quiet pride of seeing my very first culinary review in print, or the hopeful conversations with a 'Rising Stars' chef. I remember the absolute clarity of my decision to leave hard news, yet this familiar pull… it feels like a phantom limb thrumming with an old, vital purpose I thought I'd left behind."
6,A space technician maintaining a vessel on a long-haul journey to Mars.,"Felt a surge of profound pride and awe seeing Earth shrink away into a distant star, knowing the long, incredible journey to Mars had truly begun.","{'factual': 2, 'emotional': 3}","{'factual': 1, 'emotional': 4}","- Experienced profound homesickness during the first holiday season far from family, gazing at the distant stars and longing for home.
- Felt a deep bond and triumph with the crew after successfully troubleshooting a complex system failure together, preventing a critical system cascade and potentially saving the mission.
- Remembered the moment the main reactor showed an alarming anomaly during the initial burn, fearing a mission abort and the end of our dreams.
- Assisted with the initial deployment of the long-range sensor buoy, configuring its telemetry.
- Conducted a successful comms check with Earth's deep space network, sending a routine status report.","- Felt a deep bond and triumph with the crew after successfully troubleshooting a complex system failure together, preventing a critical system cascade and potentially saving the mission.
- Recalled the unexpected micro-meteoroid strike that damaged an external sensor array, requiring a critical EVA under immense pressure to prevent further system compromise.
- Remembered the moment the main reactor showed an alarming anomaly during the initial burn, fearing a mission abort and the end of our dreams.
- Experienced profound homesickness during the first holiday season far from family, gazing at the distant stars and longing for home.
- Performed a major overhaul on the secondary propulsion thruster, replacing several worn components.","Just a speck... Earth, shrinking away. My heart swells with a pride so profound it almost aches, realizing this impossible journey has truly begun. I remember the cold dread when the main reactor pulsed red, threatening to abort *everything*, and the triumphant relief of fixing that system with the crew. Even the memory of homesickness, staring at those same distant stars, now feels like a crucible that forged this unwavering resolve. We are truly on our way.","Earth, a dwindling marble of blue and white, vanishes into the inky vastness, and a profound, almost dizzying, pride swells in my chest. We almost lost this dream during the reactor anomaly, fought tooth and nail through sensor damage during that critical EVA, and meticulously nursed complex systems back from cascading failures with the crew by my side. Every worn thruster component I've replaced, every lonely holiday spent gazing at distant stars and longing for home, all of it culminates in this incredible, hard-won reality. Mars awaits, and with the ship humming beneath my feet, I know we are truly ready."
7,A competitive gardener preparing for the national championships.,"Winning the 'Best in Show' at the regional competition, a huge confidence boost.","{'factual': 3, 'emotional': 2}","{'factual': 1, 'emotional': 4}","- Receiving a personal compliment on my cultivation techniques from a renowned national judge.
- Watered the prize-winning dahlias and checked for pests.
- Discovering an extremely rare white orchid blooming after years of careful nurturing, a truly magical moment.
- Applied a new organic foliar feed to the show roses.
- Replenished the slow-release fertilizer in the competition beds.","- The devastating night when a sudden hailstorm nearly wiped out my prize-winning fuchsias.
- Discovering an extremely rare white orchid blooming after years of careful nurturing, a truly magical moment.
- Receiving a personal compliment on my cultivation techniques from a renowned national judge.
- The disappointment of not qualifying for the nationals by a narrow margin two seasons ago.
- Attended a virtual workshop on advanced soil biology.","""Best in Show! My God, the confidence surge is incredible. Judge Eleanor's words about my cultivation techniques echo in my mind; she saw this potential, and all those painstaking hours checking dahlias and replenishing feed finally culminated in this. It’s like the rare orchid finally blooming, a truly magical reward that proves every single careful detail, even that new organic foliar feed, truly makes a difference. The nationals feel closer than ever.""","This 'Best in Show' trophy feels heavier than usual; it's a culmination, proving that my techniques, even those from the advanced soil biology workshop, truly are exceptional, just like that judge had once said. The memory of the hailstorm and the sting of not qualifying for nationals two seasons ago still linger, but this win, this sheer magic akin to discovering that rare white orchid, is the ultimate affirmation. I can feel it in my bones: the national stage is finally within reach, and this time, I’m ready."
8,A history professor obsessed with the unsolved mysteries of the 19th century.,"The thrill of discovering a rare, unpublished letter that mentioned a key figure in the Tichborne Claimant case, opening new avenues of research.","{'factual': 4, 'emotional': 1}","{'factual': 1, 'emotional': 4}","- Sorted through old correspondence from a long-retired colleague, finding some interesting historical tidbits.
- Read a chapter from a new history book on Victorian forensics, hoping for fresh insights.
- Submitted a grant application for archival research into 19th-century coded correspondence.
- A moment of intense fascination and intellectual challenge trying to piece together the fragmented clues of the Lizzie Borden case, feeling on the precipice of a breakthrough.
- Reviewed a colleague's draft article on maritime law in the 19th century, with a section on the Mary Celeste.","- A moment of intense fascination and intellectual challenge trying to piece together the fragmented clues of the Lizzie Borden case, feeling on the precipice of a breakthrough.
- A deep disappointment and anger at the destruction of crucial evidence related to the Whitechapel murders, knowing it could have solved the case.
- The profound melancholy encountered when reading about the tragic, unsolved disappearance of the crew of the Mary Celeste, a true maritime enigma.
- The sheer exasperation and futility felt after spending months on a cold lead regarding the identity of Jack the Ripper, only for it to be a dead end.
- Read a chapter from a new history book on Victorian forensics, hoping for fresh insights.","""A rare, unpublished letter mentioning Roger Tichborne himself! My hands are practically trembling; this is precisely the kind of forgotten primary source I hoped to unearth, far more tantalizing than the maritime law musings on the *Mary Celeste*. It's that exquisite prickle, much like when I felt I was finally closing in on Lizzie Borden, suggesting a hidden layer, a cipher even, begging to be deciphered. This could crack the whole affair wide open—a true breakthrough, perhaps even justifying that archival grant for coded correspondence!""","""A new letter! My God, the Tichborne Claimant! This isn't another fruitless Ripper dead end; this is *new*—a tangible clue, a genuine piece to finally slot into place. After so much crucial evidence lost forever with the Whitechapel murders, finding something fresh, unexamined, feels like standing on that elusive precipice of breakthrough I felt with Lizzie, not merely hoping for insights from a textbook. This isn't the profound melancholy of the Mary Celeste; this is the *thrill* of a challenge met with a fighting chance."""
9,A professional mediator who struggles to resolve conflicts in their own family.,"A major argument with my sister years ago about our elderly parents' care, where I felt my professional skills completely abandoned me.","{'factual': 1, 'emotional': 4}","{'factual': 1, 'emotional': 4}","- The Thanksgiving dinner argument with my brother over politics escalated, and I felt helpless to mediate my own family.
- My wife accused me of bringing my 'mediator' persona home, making me feel like I was failing her and our children.
- A heated discussion with my teenage daughter about her curfew, ending with her slamming her door and me feeling ineffective.
- Overheard my son tell his friend that 'Dad always tries to mediate everything, it's annoying,' which stung deeply.
- Attended a virtual workshop on advanced negotiation tactics.","- The Thanksgiving dinner argument with my brother over politics escalated, and I felt helpless to mediate my own family.
- Overheard my son tell his friend that 'Dad always tries to mediate everything, it's annoying,' which stung deeply.
- My wife accused me of bringing my 'mediator' persona home, making me feel like I was failing her and our children.
- A heated discussion with my teenage daughter about her curfew, ending with her slamming her door and me feeling ineffective.
- Went for a short jog in the neighborhood park to clear my head.","That fight with Sarah about Mom and Dad's care... it still stings, a raw reminder of how utterly useless all my 'professional' training felt when it mattered most. I remember thinking, ""Where was the active listening? The reframing?"" Now, after Thanksgiving, after my wife's cutting remarks about my 'mediator' persona, and hearing my son's 'annoying' comment, I know exactly where it was: nowhere, because I just can't bring myself to do it with them. Attending that advanced negotiation workshop last week, all I could think was, ""What's the point of mastering these tactics if I can't even apply the basics to keep my own family from tearing itself apart?"" It's not just a professional failure; it's a personal one that still eats at me.","That screaming match with my sister about Mom and Dad's care... it was the first time my professional skills truly abandoned me, leaving me as helpless as I felt at Thanksgiving with my brother, or after Sarah slammed her door. It's the same pattern, isn't it? My son thinks I'm 'annoying' and my wife is right, I do bring that 'mediator' persona home, only for it to fall flat. I can resolve international disputes, but can't bridge the gap in my own living room – no amount of jogging can clear that particular failure from my mind."
10,A talented glassblower in a small Italian village.,"The overwhelming sense of achievement and joy when I successfully crafted my first perfect 'murrine' pattern, a technique my father spent years teaching me.","{'factual': 1, 'emotional': 4}","{'factual': 1, 'emotional': 4}","- The exhilarating pride of seeing my first truly unique 'sea wave' sculpture proudly displayed in the regional art gallery.
- The profound sadness and emptiness felt in the studio after my beloved mentor, old Giacomo, passed away, leaving his tools to me.
- The sheer terror and adrenaline rush when a gust of wind almost knocked over a delicate, still-hot piece I was carrying to the oven, narrowly averting disaster.
- Organized my tools on the workbench, ensuring everything was in its proper place.
- The crushing moment my most ambitious vase, a complex filigree design, collapsed on the punt just before the annealing oven.","- The exhilarating pride of seeing my first truly unique 'sea wave' sculpture proudly displayed in the regional art gallery.
- The profound sadness and emptiness felt in the studio after my beloved mentor, old Giacomo, passed away, leaving his tools to me.
- The sheer terror and adrenaline rush when a gust of wind almost knocked over a delicate, still-hot piece I was carrying to the oven, narrowly averting disaster.
- The crushing moment my most ambitious vase, a complex filigree design, collapsed on the punt just before the annealing oven.
- Visited the old church to admire the stained glass windows, drawing inspiration for new colors.","The vibrant mosaic of this murrine… perfect. Papa would be so proud, his patience finally blooming in my hands, a different kind of legacy than even Giacomo’s tools, yet just as profound. It’s moments like these that wash away the sting of collapsed vases and the terror of near disasters, proving that every steady breath, every careful turn, truly counts. This joy is even richer than seeing my first sea wave in the gallery, a triumph not just of skill, but of heritage finally mastered.","The murrine… so perfect! Father would have burst with pride seeing this intricate bloom of color, a technique he painstakingly etched into my very hands over so many years. It's a different kind of triumph than my sea wave in the gallery, less about raw form and more about precision and the dance of hues, a dance old Giacomo would have appreciated, maybe even offering a rare, knowing nod. No sudden gust threatened its fragile journey, no catastrophic collapse before the annealing oven marred its complex beauty – just the quiet hum of success, a vision of concentrated color worthy of any church window."
